BC_loss,V_loss,action_loss,gail_loss,entropy
0.0,0.03258374184370041,0.000621400773525238,0.0,1.0377294540405273
